week,axis,slice_rows_analyzed,pixel_size_units,kernel_size,kernel_size_mm,area_n,area_mean,area_std,area_min,area_max,perimeter_n,perimeter_mean,perimeter_std,perimeter_min,perimeter_max,lgi_n,lgi_mean,lgi_std,lgi_min,lgi_max,compactness_n,compactness_mean,compactness_std,compactness_min,compactness_max,sulci_count_n,sulci_count_mean,sulci_count_std,sulci_count_min,sulci_count_max,sulci_depth_n,sulci_depth_mean,sulci_depth_std,sulci_depth_min,sulci_depth_max,sulci_depth_normalized_n,sulci_depth_normalized_mean,sulci_depth_normalized_std,sulci_depth_normalized_min,sulci_depth_normalized_max,primary_count_n,primary_count_mean,primary_count_std,primary_count_min,primary_count_max,secondary_count_n,secondary_count_mean,secondary_count_std,secondary_count_min,secondary_count_max,tertiary_count_n,tertiary_count_mean,tertiary_count_std,tertiary_count_min,tertiary_count_max,unclassified_count_n,unclassified_count_mean,unclassified_count_std,unclassified_count_min,unclassified_count_max,primary_sulcus_values_n,primary_sulcus_values_mean,primary_sulcus_values_std,primary_sulcus_values_min,primary_sulcus_values_max,primary_sulcus_values_normalized_n,primary_sulcus_values_normalized_mean,primary_sulcus_values_normalized_std,primary_sulcus_values_normalized_min,primary_sulcus_values_normalized_max,secondary_sulcus_values_n,secondary_sulcus_values_mean,secondary_sulcus_values_std,secondary_sulcus_values_min,secondary_sulcus_values_max,secondary_sulcus_values_normalized_n,secondary_sulcus_values_normalized_mean,secondary_sulcus_values_normalized_std,secondary_sulcus_values_normalized_min,secondary_sulcus_values_normalized_max,tertiary_sulcus_values_n,tertiary_sulcus_values_mean,tertiary_sulcus_values_std,tertiary_sulcus_values_min,tertiary_sulcus_values_max,tertiary_sulcus_values_normalized_n,tertiary_sulcus_values_normalized_mean,tertiary_sulcus_values_normalized_std,tertiary_sulcus_values_normalized_min,tertiary_sulcus_values_normalized_max,unclassified_sulcus_values_n,unclassified_sulcus_values_mean,unclassified_sulcus_values_std,unclassified_sulcus_values_min,unclassified_sulcus_values_max,unclassified_sulcus_values_normalized_n,unclassified_sulcus_values_normalized_mean,unclassified_sulcus_values_normalized_std,unclassified_sulcus_values_normalized_min,unclassified_sulcus_values_normalized_max
24,axial,20,0.06060606060606061 mm/pixel,82,5,20,2085.894766,84.77679069,1861.263545,2181.987144,20,230.8092179,38.13074135,187.7359184,329.9540141,20,1.216528553,0.185986932,1.075122558,1.762957633,20,0.525847507,0.146372808,0.214837902,0.7143341,20,3.55,0.759154655,2,4,71,8.233858168,6.64503404,1.085464015,27.70004735,71,0.493082132,0.338877557,0.109044641,1,20,1,0,1,1,20,2.45,0.825577947,1,3,20,0.1,0.307793506,0,1,20,0,0,0,0,20,17.16883286,6.589038566,9.358664773,27.70004735,20,1,0,1,1,49,4.863385127,0.656815892,3.373579545,5.860558712,49,0.300073706,0.132157301,0.132199479,0.551945879,2,1.460700758,0.53066489,1.085464015,1.8359375,2,0.152609897,0.061610577,0.109044641,0.196175154,,,,,,,,,,
24,coronal,20,0.06060606060606061 mm/pixel,82,5,20,1584.257025,55.21331454,1455.814509,1631.79247,20,210.3134004,8.19247905,194.4116225,224.6017712,20,1.114048012,0.034892619,1.075529004,1.23231948,20,0.451307229,0.027628882,0.377292751,0.498316518,20,3.95,0.223606798,3,4,79,7.759790348,3.087792729,1.022017045,16.2265625,79,0.684289473,0.254257017,0.064364629,1,20,1.55,0.510417786,1,2,20,2.2,0.833508753,1,3,20,0.2,0.410391341,0,1,20,0,0,0,0,31,11.06421829,1.541450814,8.148674242,16.2265625,31,0.953559523,0.093354421,0.66109336,1,44,5.995744017,0.9849366,3.166666667,7.174005682,44,0.545348319,0.09926502,0.218584497,0.659012227,4,1.554983428,0.651886257,1.022017045,2.448863636,4,0.125799279,0.064644303,0.064364629,0.213353134,,,,,,,,,,
24,sagittal,40,0.06060606060606061 mm/pixel,82,5,40,1800.260193,360.6411784,823.610652,2181.987144,40,203.5843498,40.80504525,128.817276,329.9540141,40,1.141770885,0.152947033,1.021810366,1.762957633,40,0.570354426,0.132909241,0.214837902,0.746375965,40,2.95,1.036512892,1,4,118,7.158551217,5.890447936,1.085464015,27.70004735,118,0.578092236,0.350428941,0.084443675,1,40,0.725,0.452202587,0,1,40,1.825,1.034965626,0,3,40,0.4,0.744208408,0,3,40,0,0,0,0,29,15.87353873,5.807910253,9.358664773,27.70004735,29,1,0,1,1,73,4.893540499,0.873648114,2.451231061,6.922111742,73,0.472611328,0.305073777,0.132199479,1,16,1.696747751,0.619535589,1.085464015,2.900094697,16,0.294641059,0.164662308,0.084443675,0.647428389,,,,,,,,,,
25,axial,20,0.06060606060606061 mm/pixel,82,5,20,2277.49449,56.08284789,2126.541781,2344.117539,20,242.4107172,41.97355259,195.5597947,308.2449824,20,1.173828811,0.165323045,1.063133029,1.534660307,20,0.528000199,0.169984621,0.292128311,0.744321276,20,3.55,0.759154655,2,4,71,8.324027022,7.418604517,1.147727273,30.12215909,71,0.486811095,0.350056788,0.119420633,1,20,0.95,0.223606798,0,1,20,2.3,0.923380517,1,3,20,0.3,0.571240571,0,2,20,0,0,0,0,19,18.31565241,8.081223429,8.986979167,30.12215909,19,1,0,1,1,46,5.030503747,0.868213298,3.328125,7.296164773,46,0.313030505,0.191640467,0.128308356,1,6,1.934225063,0.677447279,1.147727273,2.8515625,6,0.194030753,0.059510849,0.119420633,0.2724899,,,,,,,,,,
25,coronal,20,0.06060606060606061 mm/pixel,82,5,20,1772.324059,58.14613816,1655.507805,1842.787879,20,218.4115534,12.03089945,204.5905823,253.1759157,20,1.133648235,0.060715924,1.077135803,1.257045107,20,0.470936164,0.051830816,0.324560989,0.522278309,20,4,0,4,4,80,8.029583925,2.726059817,1.747869318,17.60890152,80,0.74166876,0.235937148,0.099260554,1,20,1.5,0.688247202,0,2,20,2.4,0.820782682,1,4,20,0.1,0.307793506,0,1,20,0,0,0,0,30,10.83306503,1.984771002,7.956202652,17.60890152,30,0.941611327,0.100304696,0.591987093,1,48,6.519965278,1.124820384,3.709043561,8.041666667,48,0.641260559,0.191430992,0.246585104,1,2,2.208214962,0.651027053,1.747869318,2.668560606,2,0.15232707,0.075047387,0.099260554,0.205393586,,,,,,,,,,
25,sagittal,39,0.06060606060606061 mm/pixel,82,5,39,1985.63853,363.1781875,930.117539,2344.117539,39,214.3894512,40.08792705,140.8454553,293.9993248,39,1.108561083,0.111161568,1.03705859,1.462813649,39,0.567725182,0.137992249,0.330305683,0.744321276,39,2.923076923,0.899842541,2,4,114,7.704242258,6.452369224,1.015625,30.12215909,114,0.55302197,0.358231587,0.0625,1,39,0.743589744,0.44235903,0,1,39,1.794871795,0.950885659,0,3,39,0.384615385,0.54364194,0,2,39,0,0,0,0,29,16.41109097,7.290114464,8.011126894,30.12215909,29,1,0,1,1,70,5.357288285,1.250123307,3.25686553,8.775804924,70,0.446894717,0.288662212,0.128308356,1,15,1.823453283,0.645065748,1.015625,3.080965909,15,0.184124959,0.095698204,0.0625,0.442171786,,,,,,,,,,
26,axial,20,0.06060606060606061 mm/pixel,82,5,20,2532.113958,106.8843008,2179.79798,2673.865932,20,274.1865466,41.17747674,224.3936367,391.0978912,20,1.264442368,0.146158442,1.084538324,1.563041252,20,0.450398039,0.126198491,0.17908333,0.656332049,20,3.35,1.089422831,1,5,67,10.35190171,8.422720608,1.259232955,30.88328598,67,0.477311067,0.364337854,0.048551399,1,20,0.9,0.307793506,0,1,20,2.25,0.966545667,1,3,20,0.2,0.523148364,0,2,20,0,0,0,0,18,23.52022832,4.247912732,15.97466856,30.88328598,18,1,0,1,1,45,5.850431397,1.006656802,4.396543561,7.965672348,45,0.30319259,0.205464599,0.153068968,1,4,1.735973011,0.506168826,1.259232955,2.333096591,4,0.084043732,0.031124049,0.048551399,0.118604903,,,,,,,,,,
26,coronal,20,0.06060606060606061 mm/pixel,82,5,20,1883.795225,63.25896291,1706.639118,1962.541781,20,241.8850201,19.00313363,219.1748035,265.4767435,20,1.225612079,0.118232404,1.09616494,1.35536192,20,0.411986097,0.067304749,0.34072731,0.494770023,20,4.7,0.923380517,4,6,94,8.414719838,4.261943211,1.036931818,17.80397727,94,0.647178926,0.30341442,0.062705798,1,20,2.65,1.136708082,1,4,20,1.35,1.136708082,0,3,20,0.7,0.923380517,0,2,20,0,0,0,0,53,11.15769726,2.891529264,7.880918561,17.80397727,53,0.810167641,0.179044705,0.515748971,1,27,6.715496984,1.645285426,4.181818182,8.528645833,27,0.620162785,0.195886657,0.373105154,0.944125586,14,1.30766369,0.13775235,1.036931818,1.560369318,14,0.082252779,0.01012653,0.062705798,0.101017687,,,,,,,,,,
26,sagittal,40,0.06060606060606061 mm/pixel,82,5,40,2225.826492,396.9892181,962.0055096,2673.865932,40,244.8407553,44.124228,170.906746,391.0978912,40,1.18610881,0.138500905,1.041138645,1.563041252,40,0.489511529,0.130531201,0.17908333,0.709385515,40,2.9,1.057330941,1,5,116,8.989018009,7.14746057,1.259232955,30.88328598,116,0.577301005,0.35665932,0.048551399,1,40,0.675,0.525625391,0,2,40,1.9,0.981887246,0,3,40,0.325,0.572332161,0,2,40,0,0,0,0,27,20.37485094,6.095250546,7.707149621,30.88328598,27,0.999557116,0.002301294,0.988042126,1,76,6.159791791,1.366392577,3.557054924,9.723958333,76,0.492837635,0.310887391,0.153068968,1,13,1.881610577,0.554154485,1.259232955,2.88967803,13,0.194093397,0.09763671,0.048551399,0.379158949,,,,,,,,,,
27,axial,20,0.06060606060606061 mm/pixel,82,5,20,2771.667677,78.08206631,2613.076217,2902.598714,20,281.5981984,25.88825169,247.6061483,323.3038013,20,1.260456281,0.113795677,1.097628666,1.483230866,20,0.450502789,0.084759082,0.314152355,0.569443383,20,4.35,0.670820393,3,6,87,9.930784134,8.575671443,1.004734848,33.25757576,87,0.424984755,0.356304619,0.037037301,1,20,1.4,0.50262469,1,2,20,1.95,1.35627198,0,3,20,1,0.72547625,0,2,20,0,0,0,0,28,20.75851427,6.509247391,12.09588068,33.25757576,28,0.906023339,0.157224395,0.499402912,1,39,6.337910354,1.232940796,2.954308712,8.195075758,39,0.256844675,0.082161999,0.113756734,0.42548171,20,1.778065814,0.622835048,1.004734848,3.094223485,20,0.079403893,0.035366283,0.037037301,0.159031453,,,,,,,,,,
27,coronal,20,0.06060606060606061 mm/pixel,82,5,20,1990.615427,78.93693324,1835.983471,2071.140496,20,257.0382702,12.66525331,238.7980173,284.6560454,20,1.293962171,0.090508891,1.17402943,1.498082978,20,0.380179918,0.027250149,0.305037282,0.417285852,20,5.2,0.894427191,4,6,104,8.441800062,5.855803734,1.0078125,20.17258523,104,0.49026623,0.334041346,0.057750963,1,20,2.35,0.489360485,2,3,20,1.4,0.88257995,0,3,20,1.45,0.759154655,0,3,20,0,0,0,0,47,13.82698158,3.761255564,8.303503788,20.17258523,47,0.797939679,0.201412601,0.473640145,1,28,6.253119927,1.992069273,2.880445076,8.525568182,28,0.37486269,0.126565822,0.163853427,0.547644014,29,1.827300483,0.53691894,1.0078125,2.646543561,29,0.103047162,0.02942127,0.057750963,0.149547838,,,,,,,,,,
27,sagittal,40,0.06060606060606061 mm/pixel,82,5,40,2381.205188,489.0386617,727.6528926,2902.598714,40,246.3585994,43.42062333,161.0691523,323.3038013,40,1.183675667,0.121372627,1.038882906,1.483230866,40,0.509974271,0.127787831,0.308658471,0.717829412,40,3.65,1.188621266,1,6,146,8.342910051,7.411035591,1.004734848,33.25757576,146,0.49871017,0.362325127,0.037037301,1,40,0.95,0.677476464,0,2,40,1.7,1.244474969,0,4,40,1,0.716114874,0,2,40,0,0,0,0,38,18.88559111,6.580990678,9.378077652,33.25757576,38,0.930754039,0.140703044,0.499402912,1,68,6.2994165,1.383218258,2.954308712,8.88967803,68,0.462453281,0.294927498,0.113756734,1,40,1.801302083,0.598442953,1.004734848,3.309895833,40,0.149905206,0.104522995,0.037037301,0.422587915,,,,,,,,,,
28,axial,20,0.06060606060606061 mm/pixel,82,5,20,2841.086869,94.30128777,2636.984389,2962,20,307.7313899,25.64210692,275.7066859,389.0250243,20,1.361634581,0.160248149,1.116901666,1.762143132,20,0.384594833,0.063106879,0.220769654,0.486582948,20,4.7,1.080935268,3,6,94,9.123312581,8.366096877,1.012073864,32.96496212,94,0.420616502,0.351157652,0.034477253,1,20,1.35,0.587142949,0,2,20,1.9,1.165287405,0,3,20,1.45,1.731290969,0,5,20,0,0,0,0,27,20.3854079,6.578515897,10.01586174,32.96496212,27,0.888568174,0.178969296,0.533896166,1,38,6.94828424,1.510325355,3.526988636,9.714725379,38,0.296672816,0.108435931,0.149987919,0.49359753,29,1.487950627,0.407358107,1.012073864,2.727272727,29,0.147346327,0.23439461,0.034477253,1,,,,,,,,,,
28,coronal,20,0.06060606060606061 mm/pixel,82,5,20,2037.005051,79.00963164,1877.869605,2117.02663,20,275.1867027,20.23837071,231.8265654,302.306546,20,1.405093722,0.125603584,1.141459212,1.565773881,20,0.342718689,0.049437043,0.268629909,0.461626583,20,5.9,1.293709477,4,8,118,8.723448735,5.651761619,1.042376894,20.92234848,118,0.500345381,0.32359089,0.051691145,1,20,3.2,0.615587011,2,4,20,1.45,0.825577947,0,3,20,1.25,1.251315098,0,4,20,0,0,0,0,64,12.9391313,3.866139829,8.769649621,20.92234848,64,0.74757586,0.206150685,0.478772583,1,29,5.470341889,2.006734388,3.126183712,8.96875,29,0.309361822,0.11211137,0.161556719,0.49789377,25,1.704905303,0.541569029,1.042376894,2.906960227,25,0.088976282,0.030025387,0.051691145,0.155145411,,,,,,,,,,
28,sagittal,40,0.06060606060606061 mm/pixel,82,5,40,2447.70955,480.1567221,966.2130395,2962,40,264.769654,49.49250436,188.4471144,389.0250243,40,1.23211665,0.18010693,1.040382505,1.762143132,40,0.460997517,0.129930374,0.218504618,0.693274188,40,4.15,1.166849802,2,6,166,7.51182286,7.051548406,1.012073864,32.96496212,166,0.492094565,0.350877308,0.034477253,1,40,0.85,0.769615289,0,2,40,1.875,0.991954817,0,3,40,1.425,1.483023592,0,5,40,0,0,0,0,34,19.19373886,6.521138215,7.175662879,32.96496212,34,0.907751235,0.164688758,0.533896166,1,75,6.604690657,1.551107493,3.454545455,9.714725379,75,0.524184185,0.296583278,0.149987919,1,57,1.737257443,0.610084817,1.012073864,3.602272727,57,0.201935824,0.196367904,0.034477253,1,,,,,,,,,,
29,axial,20,0.06060606060606061 mm/pixel,82,5,20,3492.974013,132.5004645,3178.817264,3684.157943,20,368.6068407,43.86073385,323.6244601,520.1200888,20,1.424585403,0.200118549,1.221210465,2.09038988,20,0.334983735,0.069902472,0.147661804,0.438477427,20,9.35,1.87153188,5,13,187,6.577436295,7.873536358,1.090909091,39.59043561,187,0.303141871,0.304641455,0.032924295,1,20,1.1,0.552506251,0,2,20,3.8,1.399247918,2,6,20,4.45,2.480980282,1,9,20,0,0,0,0,22,25.79011708,7.748587272,13.97727273,39.59043561,22,0.937411145,0.137027673,0.613904307,1,76,6.251641622,2.035023396,3.505208333,11.62784091,76,0.305646316,0.204781574,0.113496382,1,89,2.10644099,0.762859532,1.090909091,3.904356061,89,0.144217579,0.17266739,0.032924295,0.785635237,,,,,,,,,,
29,coronal,20,0.06060606060606061 mm/pixel,82,5,20,2475.047291,87.86477729,2257.496786,2550.651974,20,335.4024542,23.11969493,300.5505446,383.0326327,20,1.467399012,0.115003581,1.309379077,1.642455075,20,0.279987441,0.037264541,0.203511417,0.328350535,20,6.75,0.716350399,5,8,135,9.881251754,5.853054775,1.191998106,21.84753788,135,0.488885858,0.287279053,0.054559837,1,20,3.5,0.606976979,2,4,20,2.3,0.97872097,1,4,20,0.95,0.998683344,0,3,20,0,0,0,0,70,14.47563582,4.138384644,9.757575758,21.84753788,70,0.716531098,0.198279983,0.468127248,1,46,5.973886281,1.901658109,3.128787879,9.500236742,46,0.294987403,0.09216468,0.152736686,0.465838509,19,2.414511065,0.622686073,1.191998106,3.203598485,19,0.119631231,0.030096172,0.054559837,0.156360554,,,,,,,,,,
29,sagittal,40,0.06060606060606061 mm/pixel,82,5,40,2998.893343,621.9729705,1408.953168,3684.157943,40,322.0752416,61.18867711,217.4293609,520.1200888,40,1.301702523,0.196008475,1.07389029,2.09038988,40,0.38573368,0.11816352,0.142167661,0.629436713,40,7.425,2.500128202,3,13,297,6.456309465,6.85677652,1.090909091,39.59043561,297,0.376815665,0.322864912,0.032924295,1,40,0.825,0.675106829,0,2,40,3.25,1.334934936,1,6,40,3.35,2.236641255,0,9,40,0,0,0,0,33,22.76695219,7.987313705,9.392992424,39.59043561,33,0.931703809,0.15229921,0.436551686,1,130,6.691947115,2.119575723,3.505208333,11.62784091,130,0.448037284,0.281514138,0.113496382,1,134,2.210905699,0.840310717,1.090909091,4.090435606,134,0.171068505,0.159826276,0.032924295,0.785635237,,,,,,,,,,
30,axial,20,0.06060606060606061 mm/pixel,82,5,20,3722.043159,133.6441686,3496.352617,3876.809917,20,374.7276523,28.24468838,334.7233306,417.0833264,20,1.355968019,0.097350788,1.216875034,1.571164476,20,0.339588711,0.059155685,0.255461689,0.430068507,20,8.35,1.089422831,6,10,167,8.452012169,8.395213468,1.094223485,33.46993371,167,0.311131583,0.304818645,0.040940181,1,20,2.05,0.510417786,1,3,20,2.9,1.165287405,1,4,20,3.4,1.569445091,0,6,20,0,0,0,0,41,21.26753049,6.673428557,11.65198864,33.46993371,41,0.779626201,0.226724069,0.394251446,1,58,6.661070566,2.453976294,3.658854167,11.19578598,58,0.245190556,0.100375138,0.112975972,0.463301134,68,2.252576315,0.789479267,1.094223485,3.926846591,68,0.084900704,0.030398995,0.040940181,0.159106387,,,,,,,,,,
30,coronal,20,0.06060606060606061 mm/pixel,82,5,20,2492.63517,83.81343848,2279.79798,2578.775023,20,332.2982549,20.50591845,300.360145,359.0690818,20,1.445222378,0.092947892,1.299206647,1.555408965,20,0.286530346,0.034647468,0.233981248,0.334617446,20,7.2,0.951453182,6,9,144,9.319686119,5.935158899,1.111742424,22.4313447,144,0.468072841,0.297433049,0.049782473,1,20,3.5,0.606976979,2,4,20,2.3,1.490319641,0,5,20,1.4,1.187655807,0,4,20,0,0,0,0,70,14.43364786,3.869089376,10.07528409,22.4313447,70,0.729468637,0.183091919,0.478226913,1,46,6.078248518,1.651589756,3.409327652,10.05587121,46,0.295659051,0.083989778,0.185133763,0.532328416,28,1.860000676,0.594774637,1.111742424,2.828835227,28,0.09783458,0.034259785,0.049782473,0.153168743,,,,,,,,,,
30,sagittal,39,0.06060606060606061 mm/pixel,82,5,39,3066.72845,731.9613106,1510.828283,3876.809917,39,317.8849784,65.56687247,200.6983606,417.0833264,39,1.257107169,0.149217197,1.06077238,1.585696784,39,0.407159936,0.135654437,0.189604657,0.681225417,39,6.564102564,2.245403161,2,10,256,7.491225734,7.315252553,1.094223485,33.46993371,256,0.388069379,0.329789877,0.040940181,1,39,1.205128205,0.978169267,0,3,39,2.641025641,1.20278579,0,5,39,2.717948718,1.653524433,0,6,39,0,0,0,0,47,20.84603683,6.299543384,11.65198864,33.46993371,47,0.816893798,0.222981909,0.394251446,1,103,6.771987165,2.05711921,3.454545455,11.19578598,103,0.448768954,0.294479345,0.112975972,1,106,2.268635649,0.766600655,1.094223485,3.945785985,106,0.138948586,0.097634446,0.040940181,0.460694345,,,,,,,,,,
31,axial,20,0.06060606060606061 mm/pixel,82,5,20,3474.850413,127.2315362,3307.623508,3703.551882,20,399.7000201,35.5792672,350.9398897,452.6928564,20,1.472162271,0.111315787,1.331619884,1.695687965,20,0.280685597,0.058475099,0.21167674,0.376027928,20,9.05,1.316894273,7,12,181,8.800199858,9.125426049,1.031486742,37.39393939,181,0.322870074,0.306112686,0.036186856,1,20,2.15,0.933302004,0,4,20,3.8,0.894427191,2,5,20,3.1,1.586124041,0,8,20,0,0,0,0,43,23.05168693,8.183218626,11.74431818,37.39393939,43,0.771838565,0.223719814,0.381744175,1,76,5.87063584,1.971282582,3.757575758,11.234375,76,0.22895143,0.166649796,0.108607089,1,62,2.50718246,0.850614062,1.031486742,3.875710227,62,0.126614783,0.125179203,0.036186856,0.574262543,,,,,,,,,,
31,coronal,20,0.06060606060606061 mm/pixel,82,5,20,2343.266024,80.61260593,2177.089073,2454.842975,20,349.9664585,29.13672382,304.5505064,401.1384249,20,1.490247455,0.132852976,1.300843492,1.777126543,20,0.245186047,0.041230249,0.182237796,0.296337666,20,7.6,0.50262469,7,8,152,9.513011488,6.084475928,1.005208333,23.65672348,152,0.456724219,0.289883844,0.042491444,1,20,3.65,0.587142949,2,4,20,2.7,1.080935268,1,4,20,1.25,1.069923755,0,3,20,0,0,0,0,73,14.81908014,4.077254095,9.452414773,23.65672348,73,0.713694101,0.186763394,0.457398475,1,54,5.834534582,1.801133303,3.232244318,9.930397727,54,0.275748405,0.078849246,0.163330865,0.469589716,25,1.964801136,0.675264941,1.005208333,3.098011364,25,0.09727992,0.034727076,0.042491444,0.157769097,,,,,,,,,,
31,sagittal,40,0.06060606060606061 mm/pixel,82,5,40,2928.138108,687.5213872,747.3884298,3703.551882,40,343.0394223,72.51033658,192.1214634,452.6928564,40,1.369390822,0.164589386,1.087598522,1.695687965,40,0.331890759,0.108817932,0.132221511,0.560035079,40,7.575,2.170755511,3,12,303,7.830708071,7.787114253,1.031486742,37.39393939,303,0.397346673,0.325791188,0.036186856,1,40,1.5,1.109400392,0,4,40,3.375,1.21291131,1,6,40,2.7,1.63613052,0,8,40,0,0,0,0,60,21.18432765,7.687885371,9.367424242,37.39393939,60,0.815252048,0.21051934,0.381744175,1,135,6.279513889,1.909863077,3.757575758,11.64772727,135,0.408480006,0.284960679,0.108607089,1,108,2.351023253,0.810210808,1.031486742,3.915246212,108,0.151260353,0.119288165,0.036186856,0.574262543,,,,,,,,,,
32,axial,20,0.06060606060606061 mm/pixel,82,5,20,3789.788797,115.3220447,3638.780533,4016.134068,20,451.1273606,43.9669236,390.0722218,540.4212508,20,1.64288937,0.178088203,1.357162363,1.977509964,20,0.240665917,0.048069182,0.157131059,0.314776115,20,10.4,2.562893102,7,15,208,9.236720799,9.173030405,1.277462121,37.76160038,208,0.29333307,0.281918523,0.037732946,1,20,2.7,0.801314709,2,4,20,3.85,1.308876577,2,6,20,3.85,2.084403234,0,8,20,0,0,0,0,54,22.1409845,8.889960947,12.80752841,37.76160038,54,0.704646859,0.244040522,0.367080861,1,77,6.757022334,2.243888259,4.113873106,12.58238636,77,0.212590731,0.060663814,0.124404777,0.403475032,77,2.66667589,0.868241547,1.277462121,4.225852273,77,0.085621584,0.027160557,0.037732946,0.1461773,,,,,,,,,,
32,coronal,20,0.06060606060606061 mm/pixel,82,5,20,2457.537374,89.04666556,2241.013774,2543.393939,20,348.5202471,17.44452353,326.7710068,392.1130018,20,1.528011394,0.081666882,1.417654904,1.771076982,20,0.255986039,0.025848496,0.192455816,0.293249167,20,9.4,1.231174023,8,11,188,7.985347155,5.722896241,1.03030303,21.45809659,188,0.421288471,0.300844591,0.050504816,1,20,3.35,0.587142949,2,4,20,3.7,1.080935268,2,6,20,2.35,1.182103388,1,4,20,0,0,0,0,67,14.76832457,3.386501403,9.87405303,21.45809659,67,0.781893731,0.159957199,0.550331851,1,74,5.546455902,1.75791544,3.114109848,9.607007576,74,0.290862706,0.099451183,0.162887411,0.556645093,47,2.155952813,0.693666607,1.03030303,3.279829545,47,0.112585368,0.037293238,0.050504816,0.183986702,,,,,,,,,,
32,sagittal,40,0.06060606060606061 mm/pixel,82,5,40,3164.426263,690.5021646,1680.031221,4016.134068,40,377.5335341,90.92166956,211.6389186,540.4212508,40,1.446397071,0.247438378,1.126632317,1.977509964,40,0.310383609,0.118208845,0.139815266,0.513480687,40,8.875,2.719233489,4,15,355,8.005663146,7.730539194,1.148910985,37.76160038,355,0.36381855,0.306346616,0.037732946,1,40,1.75,1.214231845,0,4,40,3.8,1.522481106,1,7,40,3.325,2.223274324,0,8,40,0,0,0,0,70,20.88211242,8.2179356,12.80752841,37.76160038,70,0.767464315,0.244428192,0.367080861,1,152,6.823996025,2.080879562,4.048532197,12.58238636,152,0.390907334,0.244663983,0.124404777,1,133,2.57906129,0.899183107,1.148910985,4.225852273,133,0.1204148,0.070960284,0.037732946,0.387561009,,,,,,,,,,
33,axial,20,0.06060606060606061 mm/pixel,82,5,20,4201.521488,130.5376973,3950.40404,4412.624426,20,488.1740193,43.33256824,415.3552083,548.5566281,20,1.654664167,0.149797125,1.436926907,1.845126033,20,0.227744737,0.048527999,0.164971319,0.319379833,20,12.55,2.211810404,9,17,251,8.820016336,8.638129863,1.237926136,38.05208333,251,0.281921169,0.270431312,0.035374451,1,20,2.7,0.864504726,2,4,20,6.15,1.725200217,4,10,20,3.7,1.894590638,1,7,20,0,0,0,0,54,22.8646754,8.532121976,12.86529356,38.05208333,54,0.740734631,0.218810638,0.376516479,1,123,6.376940133,2.060718585,3.941998106,12.36908144,123,0.199998606,0.068210158,0.107026013,0.46458402,74,2.631999898,0.896322059,1.237926136,4.060132576,74,0.083279931,0.029880454,0.035374451,0.158246828,,,,,,,,,,
33,coronal,20,0.06060606060606061 mm/pixel,82,5,20,2885.161065,92.88153238,2688.113866,2990.576676,20,406.5417158,24.55419739,370.7222369,454.3751862,20,1.555765595,0.094636015,1.334040453,1.691602025,20,0.221559693,0.026766613,0.171848455,0.257486309,20,9.3,1.417930293,8,12,186,9.497968597,6.431119457,1.156960227,25.10345644,186,0.452514584,0.305217573,0.046943441,1,20,3.95,0.223606798,3,4,20,2.8,1.23969436,1,5,20,2.55,1.394538218,0,5,20,0,0,0,0,79,16.12057082,3.541127989,11.18892045,25.10345644,79,0.773368923,0.153206889,0.471319402,1,56,6.583963237,1.708480816,3.730823864,10.5295928,56,0.303626428,0.06845024,0.160592385,0.419447929,51,2.439120061,0.790923358,1.156960227,3.691524621,51,0.118989957,0.044323514,0.046943441,0.194601138,,,,,,,,,,
33,sagittal,40,0.06060606060606061 mm/pixel,82,5,40,3494.558586,830.2561843,1317.59596,4412.624426,40,401.4433865,95.76323748,231.8102317,548.5566281,40,1.460698739,0.232474183,1.078655879,1.845126033,40,0.296379424,0.108357799,0.164971319,0.598374856,40,10.8,2.766095091,4,17,432,7.522847836,7.251410645,1.153882576,38.05208333,432,0.360026786,0.292520371,0.035374451,1,40,1.7,1.38119235,0,4,40,5.125,1.950509467,1,10,40,3.975,2.018980448,0,10,40,0,0,0,0,68,21.48891837,8.172456815,12.86529356,38.05208333,68,0.781154982,0.214699705,0.376516479,1,205,6.641627402,2.129276636,3.759706439,12.88683712,205,0.369425231,0.259981123,0.107026013,1,159,2.68610188,0.875676248,1.153882576,4.165246212,159,0.167804153,0.113913112,0.035374451,0.60588358,,,,,,,,,,
34,axial,20,0.06060606060606061 mm/pixel,82,5,20,4366.614325,119.6957338,4087.311295,4551.774105,20,531.5263882,58.46539787,442.5115046,618.4542708,20,1.729610038,0.189176393,1.288065753,2.010699988,20,0.201034341,0.044553865,0.146679803,0.278570533,20,13.05,2.438183103,10,17,261,8.89597937,8.703590805,1.301136364,43.60535038,261,0.296818359,0.278694752,0.035419961,1,20,3,0.917662935,1,4,20,5.2,1.542383664,3,8,20,4.85,1.954078057,2,8,20,0,0,0,0,60,22.3144334,8.312660128,13.87428977,43.60535038,60,0.717140292,0.242089583,0.353300143,1,104,6.983161695,2.344772432,4.193655303,13.0390625,104,0.244754733,0.127153643,0.103915,0.883499431,97,2.646760778,0.915761736,1.301136364,4.307291667,97,0.092646205,0.03893784,0.035419961,0.248145193,,,,,,,,,,
34,coronal,20,0.06060606060606061 mm/pixel,82,5,20,2903.785216,94.41141697,2716.299357,3017.605142,20,415.7841523,21.31316278,382.2503272,468.1237271,20,1.541988958,0.085878737,1.405703995,1.663696445,20,0.21251529,0.020611472,0.156301836,0.23833334,20,10.1,1.165287405,8,12,202,8.924799121,6.197993041,1.299479167,30.49573864,202,0.456665712,0.314585199,0.055110469,1,20,3.8,0.410391341,3,4,20,3.1,0.967906042,1,5,20,3.2,1.23969436,1,5,20,0,0,0,0,76,15.93602659,3.108236311,11.16098485,30.49573864,76,0.818767222,0.135037461,0.57774776,1,62,7.049181329,2.215583182,3.723011364,11.2985322,62,0.35702351,0.109823231,0.128239167,0.576275631,64,2.415971236,0.712680477,1.299479167,3.850378788,64,0.123198553,0.038015514,0.055110469,0.196779228,,,,,,,,,,
34,sagittal,40,0.06060606060606061 mm/pixel,82,5,40,3832.531038,553.847781,3028.775023,4551.774105,40,427.4108882,113.563543,308.0623393,618.4542708,40,1.502811588,0.267845403,1.204580559,2.010699988,40,0.300085244,0.108720608,0.146679803,0.455161166,40,10.575,3.09579947,7,17,423,8.182195962,7.227585629,1.301136364,43.60535038,423,0.397959542,0.304187486,0.035419961,1,40,1.725,1.518898049,0,4,40,5.3,1.757037133,2,8,40,3.55,2.037469522,1,8,40,0,0,0,0,69,21.39564463,8.106262387,13.87428977,43.60535038,69,0.752344846,0.243630044,0.353300143,1,212,7.511265366,2.332194212,4.193655303,13.0390625,212,0.457675376,0.26544556,0.103915,1,142,2.763247573,0.907274077,1.301136364,4.309895833,142,0.136605015,0.085179946,0.035419961,0.37573977,,,,,,,,,,
35,axial,20,0.06060606060606061 mm/pixel,82,5,20,4342.939669,120.7986208,4082.852158,4503.498623,20,595.866133,34.85862609,536.9178251,656.5764463,20,1.746788598,0.13948541,1.313893852,1.943780301,20,0.155098376,0.017359138,0.126734609,0.184177359,20,13.7,1.976173868,10,18,274,9.936799277,9.614173552,1.401988636,44.89891098,274,0.275808331,0.262930664,0.0375631,1,20,2.9,0.911909506,1,4,20,7,2.361979544,5,12,20,3.8,1.105012503,2,6,20,0,0,0,0,58,25.78084182,9.336026697,13.87926136,44.89891098,58,0.714724787,0.239101836,0.351091734,1,140,7.334104437,2.161967954,4.250473485,13.45241477,140,0.204367114,0.062308645,0.116428425,0.421535715,76,2.639730986,0.902017136,1.401988636,4.534090909,76,0.072448014,0.024151205,0.0375631,0.126403915,,,,,,,,,,
35,coronal,20,0.06060606060606061 mm/pixel,82,5,20,3055.83719,82.66734357,2835.564738,3175.790634,20,461.5166812,24.47582292,426.4389764,505.9463617,20,1.654751664,0.107242454,1.470572595,1.820731035,20,0.181869057,0.020915494,0.139200398,0.213444358,20,11.9,0.852241626,10,13,238,9.046614384,6.558779362,1.23342803,25.48650568,238,0.398843597,0.288019774,0.05394025,1,20,3.7,0.571240571,2,4,20,5.2,1.056309365,4,7,20,3,0.794719414,1,4,20,0,0,0,0,74,17.67847499,3.596839905,11.45454545,25.48650568,74,0.779232018,0.152631177,0.489294506,1,104,6.869290865,1.937268653,3.879261364,10.50520833,104,0.302926512,0.084573272,0.168668432,0.487454961,60,2.174680398,0.638796948,1.23342803,3.651988636,60,0.095954159,0.030334815,0.05394025,0.166100662,,,,,,,,,,
35,sagittal,40,0.06060606060606061 mm/pixel,82,5,40,3918.164922,446.1209924,3244.191001,4503.498623,40,474.537779,125.5048244,336.6490243,656.5764463,40,1.545098987,0.228322028,1.280917142,1.943780301,40,0.25402435,0.102583407,0.126734609,0.395294961,40,11.85,2.646235837,8,18,474,8.665531901,7.798957784,1.315104167,44.89891098,474,0.389793179,0.301645514,0.0375631,1,40,1.55,1.535060343,0,4,40,6.925,1.913347181,4,12,40,3.375,1.102154068,2,6,40,0,0,0,0,62,25.04892931,9.452049974,13.87926136,44.89891098,62,0.733129639,0.241687992,0.351091734,1,277,7.924053543,2.368728664,4.245975379,13.45241477,277,0.438238447,0.27993738,0.116428425,1,135,2.662708684,0.916563092,1.315104167,4.534090909,135,0.132710218,0.084875915,0.0375631,0.34364342,,,,,,,,,,
36,axial,20,0.06060606060606061 mm/pixel,82,5,20,4786.15326,134.5637728,4452.543618,4963.887971,20,736.3364769,40.72759876,672.1636481,814.8712738,20,1.95301498,0.177092992,1.693823979,2.317891434,20,0.111785547,0.011691888,0.093940706,0.133207821,20,16.55,2.855742138,11,23,331,10.55593558,9.488551925,1.449337121,48.14393939,331,0.308463542,0.262162664,0.036241149,1,20,3.05,1.190974833,1,6,20,8.75,3.767939546,4,19,20,4.75,1.446411167,2,8,20,0,0,0,0,61,27.479384,9.123917971,13.59588068,48.14393939,61,0.750762985,0.212869737,0.350267219,1,175,8.725535714,2.662927321,4.527462121,14.81368371,175,0.275499895,0.131118141,0.105546814,0.863413955,95,3.061089514,0.972133563,1.449337121,4.876420455,95,0.085183249,0.034331348,0.036241149,0.235978338,,,,,,,,,,
36,coronal,20,0.06060606060606061 mm/pixel,82,5,20,3293.003581,115.656015,3078.501377,3448.220386,20,561.9795988,30.57494791,518.1663418,620.5376966,20,1.710649692,0.111982726,1.524169018,1.935692028,20,0.132116596,0.014778477,0.108103068,0.155249648,20,12,0.973328527,10,14,240,11.2554362,7.097021047,1.292140152,29.35392992,240,0.438383206,0.273669274,0.047969766,1,20,4.05,0.223606798,4,5,20,5.65,1.039989878,4,7,20,2.3,0.923380517,1,4,20,0,0,0,0,81,19.6112514,4.61506349,12.63825758,29.35392992,81,0.762703822,0.17114676,0.441142687,1,113,8.719910666,2.326901487,3.810132576,12.48224432,113,0.340208199,0.088923579,0.151735977,0.502944965,46,2.770509099,0.8689345,1.292140152,4.114109848,46,0.108465945,0.034971524,0.047969766,0.164127717,,,,,,,,,,
36,sagittal,40,0.06060606060606061 mm/pixel,82,5,40,4388.012443,428.4431582,3688.088154,4963.887971,40,583.8352591,159.9953742,381.3142527,814.8712738,40,1.724436031,0.274984462,1.376421382,2.317891434,40,0.195283899,0.095324736,0.093940706,0.354547673,40,14.525,2.987044676,10,23,581,9.023228466,7.862353896,1.390625,48.14393939,581,0.40279542,0.306502589,0.036241149,1,40,1.65,1.672553705,0,6,40,8.025,2.787218998,4,19,40,4.85,1.594059485,2,8,40,0,0,0,0,66,26.51796014,9.396756053,13.59588068,48.14393939,66,0.769644577,0.215044789,0.350267219,1,321,9.207101683,2.59325266,4.527462121,14.81368371,321,0.488245299,0.282885995,0.105546814,1,194,2.767168707,0.905360205,1.390625,4.876420455,194,0.136602352,0.068329722,0.036241149,0.347261976,,,,,,,,,,
37,axial,20,0.06060606060606061 mm/pixel,82,5,20,5259.082461,167.038277,4859.79798,5451.111111,20,685.8641518,49.26039311,606.5756567,793.0929442,20,1.798414288,0.195741276,1.352896451,2.138907548,20,0.14256408,0.021137308,0.10703864,0.186176535,20,16.25,3.109831608,12,24,325,9.735523019,9.722345028,1.414299242,46.69578598,325,0.295718286,0.268842075,0.034057025,1,20,2.55,1.394538218,0,4,20,8.1,2.531901719,4,14,20,5.6,2.112618729,2,10,20,0,0,0,0,51,29.18545752,10.16594174,15.34966856,46.69578598,51,0.72914038,0.237665754,0.341856868,1,162,8.087423716,2.392954665,4.691524621,14.99242424,162,0.283256554,0.201435537,0.118219318,1,112,3.262714336,0.998704013,1.414299242,4.963778409,112,0.116381445,0.08763942,0.034057025,0.367518015,,,,,,,,,,
37,coronal,20,0.06060606060606061 mm/pixel,82,5,20,3465.029293,115.5973964,3267.463728,3628.541781,20,516.7800676,23.4290331,483.4910747,557.4085658,20,1.687159659,0.147859348,1.472701243,1.983804096,20,0.164122292,0.017010865,0.136001382,0.193167854,20,12.55,1.145931017,11,14,251,10.02039758,7.096195645,1.21875,30.4157197,251,0.380200953,0.267658474,0.048056557,1,20,3.7,0.571240571,3,5,20,6.25,1.208522369,3,8,20,2.6,1.231174023,0,5,20,0,0,0,0,74,19.44574759,4.763932558,12.3030303,30.4157197,74,0.737976382,0.174263703,0.454684875,1,125,7.455333333,2.489211555,4.102035985,12.35416667,125,0.282956637,0.091791386,0.147060737,0.465903777,52,2.773419289,0.846709171,1.21875,4.150568182,52,0.10481937,0.031595431,0.048056557,0.157319503,,,,,,,,,,
37,sagittal,40,0.06060606060606061 mm/pixel,82,5,40,4363.108999,977.9098515,2623.961433,5451.111111,40,571.9187056,135.3672248,341.8969721,793.0929442,40,1.652704129,0.222547316,1.267466572,2.138907548,40,0.18566927,0.073545734,0.103833687,0.348312686,40,14.175,3.507409739,7,24,567,8.65556566,8.198423635,1.414299242,46.69578598,567,0.344138959,0.283118611,0.034057025,1,40,1.8,1.38119235,0,4,40,7.175,2.217500325,4,14,40,5.2,2.574032056,0,10,40,0,0,0,0,72,26.41754787,9.976788692,12.70099432,46.69578598,72,0.782382505,0.236162243,0.341856868,1,287,8.182982922,2.454984797,4.207149621,14.99242424,287,0.381291542,0.244516752,0.118219318,1,208,3.159260499,0.957149676,1.414299242,4.963778409,208,0.14117585,0.085589454,0.034057025,0.367518015,,,,,,,,,,
38,axial,20,0.06060606060606061 mm/pixel,82,5,20,5384.57989,196.16563,4959.090909,5636.787879,20,693.2465415,64.63499437,577.6926436,787.3741919,20,1.680883213,0.18376222,1.35984297,1.983454212,20,0.144587628,0.02975309,0.109792842,0.208068061,20,15.4,2.50052626,11,21,308,10.16152213,10.26994441,1.39938447,51.15743371,308,0.29408139,0.270350608,0.03301596,1,20,2.8,1.00524938,1,5,20,7.05,2.089447169,4,12,20,5.55,1.932410548,3,11,20,0,0,0,0,56,28.7101554,10.25154938,14.51349432,51.15743371,56,0.77009391,0.208076451,0.335068423,1,141,8.479069283,2.705029973,4.726325758,15.15719697,141,0.262189981,0.133004498,0.102818746,0.865785825,111,2.940822925,1.05245999,1.39938447,4.96969697,111,0.094441638,0.054290127,0.03301596,0.305195335,,,,,,,,,,
38,coronal,20,0.06060606060606061 mm/pixel,82,5,20,3452.666575,133.3976589,3250.701561,3640.325069,20,506.275527,29.98866224,459.5876642,553.291706,20,1.599328294,0.083638526,1.495976022,1.82083814,20,0.171252993,0.023723903,0.139260417,0.209069003,20,12.4,1.142481141,10,14,248,10.03652516,7.423733679,1.200757576,27.27272727,248,0.406249402,0.29911761,0.051425559,1,20,3.85,0.587142949,3,5,20,4.5,1.147078669,3,6,20,4.05,1.503504678,1,7,20,0,0,0,0,77,19.83745327,3.996660097,12.07433712,27.27272727,77,0.806309297,0.148575695,0.517308882,1,90,7.982336385,2.520654644,4.212831439,12.54285038,90,0.320110342,0.094017768,0.161093927,0.518897584,81,3.002025463,0.780211762,1.200757576,4.271306818,81,0.121655619,0.032224454,0.051425559,0.181173249,,,,,,,,,,
38,sagittal,40,0.06060606060606061 mm/pixel,82,5,40,4723.694812,690.3444789,3741.533517,5636.787879,40,552.6093039,151.7646956,374.5158759,787.3741919,40,1.529790069,0.216272986,1.243149107,1.983454212,40,0.226543914,0.094098198,0.109792842,0.372452831,40,13.65,3.158626771,7,21,546,8.804083503,8.362149001,1.39938447,51.15743371,546,0.398446608,0.305196535,0.03301596,1,40,1.55,1.535060343,0,5,40,7.05,1.907475174,4,12,40,5.05,2.469817807,0,11,40,0,0,0,0,62,28.05264464,10.05729155,14.51349432,51.15743371,62,0.775046314,0.205981091,0.335068423,1,282,8.767659977,2.544650838,4.726325758,15.15719697,282,0.483561081,0.292606313,0.102818746,1,202,2.946957977,1.041826966,1.39938447,5.028645833,202,0.164033424,0.104167726,0.03301596,0.439418316,,,,,,,,,,